¿Qué es la regla de Simpson en el contexto del cálculo?,Es un método de integración numérica utilizado para obtener la aproximación de integrales definidas.
"En la expresión de una integral definida, ¿cómo se denomina al término $f(x)$?",Se denomina integrando.
¿Qué representan las variables $a$ y $b$ en la regla de Simpson?,Representan los límites inferior ($a$) y superior ($b$) de integración.
¿Qué tipo de polinomio se utiliza para aproximar el integrando en la Regla de 1/3 de Simpson?,Se utiliza un polinomio de segundo orden o interpolante cuadrático $P(x)$.
"En la regla de Simpson 1/3, ¿cuál es la fórmula para calcular el valor de $h$?",$h = \frac{b-a}{2}$ para la regla simple o $h = \frac{b-a}{n}$ para la regla compuesta.
¿Cuál es la limitación principal de la regla de Simpson básica si la función es altamente oscilatoria?,Puede no producir resultados precisos si la función oscila mucho o carece de derivadas en ciertos puntos.
¿En qué consiste el enfoque de la regla compuesta de Simpson?,"En dividir el intervalo $[a, b]$ en pequeños subintervalos y sumar los resultados de aplicar la regla de Simpson a cada uno."
¿Qué condición debe cumplir el número de subintervalos $n$ para aplicar la regla compuesta de 1/3 de Simpson?,El número de subintervalos $n$ debe ser un número par.
Fórmula para los puntos $x_j$ en la regla compuesta de Simpson.,"$x_j = a + jh$ para $j = 0, 1, \dots, n$."
¿Qué tipo de interpolante utiliza la Regla de 3/8 de Simpson?,Utiliza un polinomio cúbico como interpolante.
¿Cómo es la precisión de la regla de 3/8 de Simpson comparada con la de 1/3?,Es aproximadamente dos veces más precisa que la regla de 1/3.
¿Qué condición debe cumplir $n$ para utilizar la regla de 3/8 de Simpson para $n$ intervalos?,El número de intervalos $n$ debe ser un múltiplo de 3.
¿Cuál es el valor de $h$ definido específicamente para la regla de 3/8 de Simpson simple?,$h = \frac{b-a}{3}$.
¿Cuál es el objetivo principal de los métodos numéricos de integración según el blog de Leo?,Aproximar integrales definidas que son difíciles o imposibles de resolver mediante funciones elementales.
¿En qué consiste la regla del punto medio ($M_n$)?,En aproximar la integral sumando los valores de la función evaluada en los puntos medios de cada subintervalo multiplicados por $\Delta x$.
Fórmula para calcular la longitud de los subintervalos $\Delta x$ en una malla uniforme.,$\Delta x = \frac{b-a}{n}$.
"¿Cómo se define el punto medio $\bar{x}_i$ de un subintervalo $[x_{i-1}, x_i]$?",$\bar{x}_i = \frac{1}{2}(x_{i-1} + x_i)$.
¿En qué concepto geométrico se basa la regla del trapecio?,Se basa en aproximar el área bajo la curva mediante una serie de trapecios.
Fórmula general del área de un trapecio utilizada para deducir la regla.,$\frac{1}{2}(\text{base mayor} + \text{base menor}) \times \text{altura}$.
"En la regla del trapecio compuesta, ¿por qué los términos internos $f(x_i)$ se multiplican por 2?",Porque cada punto interno actúa como base de dos trapecios adyacentes.
¿Qué representa el valor $E_T$ en los métodos de integración numérica?,"Representa el error en la regla del trapecio, definido como la diferencia entre el valor exacto y la aproximación."
"Bajo la condición $|f''(x)| \le K$, ¿cuál es la cota superior del error para la regla del trapecio $|E_T|$?",$|E_T| \le \frac{K(b-a)^3}{12n^2}$.
"Bajo la condición $|f''(x)| \le K$, ¿cuál es la cota superior del error para la regla del punto medio $|E_M|$?",$|E_M| \le \frac{K(b-a)^3}{24n^2}$.
¿Qué método es generalmente más preciso según sus cotas de error: el punto medio o el trapecio?,"La regla del punto medio, ya que su cota de error es la mitad que la de la regla del trapecio."
¿Qué representa la constante $K$ en las fórmulas de estimación de error?,"Es una cota superior para los valores del valor absoluto de la segunda derivada $|f''(x)|$ en el intervalo $[a, b]$."
"Si el intervalo es $[1, 2]$ y $n=5$, ¿cuál es el valor de $\Delta x$?",$\Delta x = 0.2$.
"En la regla del trapecio, ¿cuáles son los coeficientes de los términos $f(x_0)$ y $f(x_n)$?",Ambos tienen un coeficiente de 1.
Concepto: Regla del punto medio,Definición: Método que utiliza rectángulos cuya altura es el valor de la función en el centro de cada subintervalo.
¿Qué sucede con el error de aproximación a medida que el valor de $n$ tiende a infinito?,El error tiende a cero y la aproximación tiende al valor exacto de la integral.
La regla de Simpson 1/3 compuesta utiliza el patrón de coeficientes numéricos ____ para sus términos evaluados.,"1, 4, 2, 4, 2, ..., 4, 1"
¿Qué lenguaje de programación se utiliza en el ejemplo proporcionado para aproximar una integral con $n=8$?,C++.
Menciona tres tipos de software o lenguajes útiles para mejorar la precisión de estos métodos numéricos.,"Python, R y MatLab."
¿Cuál es el integrando en la integral de ejemplo $\int_1^2 \frac{1}{x} dx$?,$f(x) = \frac{1}{x}$.
"Si $a=1, b=2$ y $n=5$, ¿cuál es el segundo punto medio $x_2 \bar$?",$1.3$.
"En la regla del trapecio con $n=5$ para $\int_1^2 \frac{1}{x} dx$, ¿cuál es el valor de $x_3$?",$1.6$.
"Para calcular la cota de error de $f(x) = \frac{1}{x}$ en $[1, 2]$, ¿cuál es la expresión de $|f''(x)|$?",$|\frac{2}{x^3}|$.
¿Por qué se prefiere usar software para estos métodos en lugar de cálculos manuales?,Para facilitar el trabajo con valores de $n$ muy grandes y así mejorar significativamente la precisión.
La Regla de 3/8 de Simpson utiliza _____ valor(es) de función adicionales en comparación con la regla de 1/3 simple.,Un (1).
¿Qué significa que una función carezca de derivados en ciertos puntos para la regla de Simpson?,Significa que la aproximación polinómica puede no ser válida o perder mucha exactitud.
"En la regla del trapecio, la integral se aproxima como $T_n = \frac{\Delta x}{2} [ \dots ]$. ¿Qué términos van dentro del corchete?",$f(x_0) + 2f(x_1) + 2f(x_2) + \dots + 2f(x_{n-1}) + f(x_n)$.
Fórmula: Cota de error de la regla del punto medio.,$|E_M| \le \frac{K(b-a)^3}{24n^2}$.
¿A qué es igual la suma de los errores relativos en una aproximación perfecta?,A cero (el error desaparece).
"¿Cómo se determina el valor de $K$ para la función $f(x) = \frac{1}{x}$ en $[1, 2]$?","Encontrando el valor máximo de $|\frac{2}{x^3}|$ en el intervalo, que es 2 cuando $x=1$."
El método que aproxima la integral mediante una parábola que pasa por tres puntos se llama _____.,Regla de 1/3 de Simpson.
¿Qué factor multiplica a la suma en la fórmula de la Regla de 3/8 de Simpson?,El factor $\frac{3h}{8}$.
"Para el intervalo $[1, 1.2]$, ¿cuál es el valor que se usa en la función para la regla del punto medio?",$1.1$.
¿Qué sucede con el tamaño de la malla $\Delta x$ si duplicamos el número de subintervalos $n$?,Se reduce a la mitad.
"Si $f(x) = x^2$, ¿cuál es su segunda derivada?",$2$.
¿Qué es un interpolante cuadrático?,Un polinomio de grado 2 que se utiliza para estimar valores entre puntos conocidos.
¿Cuál es el valor exacto de $\int_1^2 \frac{1}{x} dx$ mencionado en el texto?,$0.693147 \dots$.
La regla de Simpson es una forma de aproximación numérica de integrales _____.,Definidas.
"En la regla del trapecio, si $n=1$, el método se reduce a calcular el área de un _____ solo trapecio.",Único.
¿Cómo se llama el proceso de sumar los resultados de cada subintervalo en integración numérica?,Enfoque compuesto o regla compuesta.
¿Qué valor de $j$ corresponde al límite superior $b$ en la secuencia $x_j = a + jh$?,$j = n$.
¿Qué ventaja tiene la regla de Simpson sobre la del trapecio en términos de curvas?,Aproxima mejor funciones curvas al usar polinomios de mayor grado en lugar de segmentos rectos.
"En el ejemplo de C++, ¿qué valor de $n$ se sugiere para la aproximación?",$n = 8$.